abilities,against_bug,against_dark,against_dragon,against_electric,against_fairy,against_fight,against_fire,against_flying,against_ghost,against_grass,against_ground,against_ice,against_normal,against_poison,against_psychic,against_rock,against_steel,against_water,attack,base_egg_steps,base_happiness,base_total,capture_rate,classfication,defense,experience_growth,height_m,hp,japanese_name,name,percentage_male,pokedex_number,sp_attack,sp_defense,speed,type1,type2,weight_kg,generation,is_legendary
['Overgrow', 'Chlorophyll'],1,1,1,0.5,0.5,0.5,2,2,1,0.25,1,2,1,1,2,1,1,0.5,49,5120,70,318,45,Seed Pokémon,49,1059860,0.7,45,Fushigidaneフシギダネ,Bulbasaur,88.1,1,65,65,45,grass,poison,6.9,1,0
['Overgrow', 'Chlorophyll'],1,1,1,0.5,0.5,0.5,2,2,1,0.25,1,2,1,1,2,1,1,0.5,62,5120,70,405,45,Seed Pokémon,63,1059860,1.0,60,Fushigisouフシギソウ,Ivysaur,88.1,2,80,80,60,grass,poison,13.0,1,0
['Overgrow', 'Chlorophyll'],1,1,1,0.5,0.5,0.5,2,2,1,0.25,1,2,1,1,2,1,1,0.5,100,5120,70,625,45,Seed Pokémon,123,1059860,2.0,80,Fushigibanaフシギバナ,Venusaur,88.1,3,122,120,80,grass,poison,100.0,1,0
['Blaze', 'Solar Power'],0.5,1,1,1,0.5,1,0.5,1,1,0.5,2,0.5,1,1,1,2,0.5,2,52,5120,70,309,45,Lizard Pokémon,43,1059860,0.6,39,Hitokageヒトカゲ,Charmander,88.1,4,60,50,65,fire,,8.5,1,0
['Blaze', 'Solar Power'],0.5,1,1,1,0.5,1,0.5,1,1,0.5,2,0.5,1,1,1,2,0.5,2,64,5120,70,405,45,Flame Pokémon,58,1059860,1.1,58,Lizardoリザード,Charmeleon,88.1,5,80,65,80,fire,,19.0,1,0
['Blaze', 'Solar Power'],0.25,1,1,2,0.5,0.5,0.5,1,1,0.25,0,1,1,1,1,4,0.5,2,104,5120,70,634,45,Flame Pokémon,78,1059860,1.7,78,Lizardonリザードン,Charizard,88.1,6,159,115,100,fire,flying,90.5,1,0
['Torrent', 'Rain Dish'],1,1,1,2,1,1,0.5,1,1,2,1,0.5,1,1,1,1,0.5,0.5,48,5120,70,314,45,Tiny Turtle Pokémon,65,1059860,0.5,44,Zenigameゼニガメ,Squirtle,88.1,7,50,64,43,water,,9.0,1,0
['Torrent', 'Rain Dish'],1,1,1,2,1,1,0.5,1,1,2,1,0.5,1,1,1,1,0.5,0.5,63,5120,70,405,45,Turtle Pokémon,80,1059860,1.0,59,Kameilカメール,Wartortle,88.1,8,65,80,58,water,,22.5,1,0
['Torrent', 'Rain Dish'],1,1,1,2,1,1,0.5,1,1,2,1,0.5,1,1,1,1,0.5,0.5,103,5120,70,630,45,Shellfish Pokémon,120,1059860,1.6,79,Kamexカメックス,Blastoise,88.1,9,135,115,78,water,,85.5,1,0
['Shield Dust', 'Run Away'],1,1,1,1,1,0.5,2,2,1,0.5,0.5,1,1,1,1,2,1,1,30,3840,70,195,255,Worm Pokémon,35,1000000,0.3,45,Caterpieキャタピー,Caterpie,50,10,20,20,45,bug,,2.9,1,0
['Shed Skin'],1,1,1,1,1,0.5,2,2,1,0.5,0.5,1,1,1,1,2,1,1,20,3840,70,205,120,Cocoon Pokémon,55,1000000,0.7,50,Transelトランセル,Metapod,50,11,25,25,30,bug,,9.9,1,0
['Compoundeyes', 'Tinted Lens'],0.5,1,1,2,1,0.25,2,2,1,0.25,0,2,1,1,1,4,1,1,45,3840,70,395,45,Butterfly Pokémon,50,1000000,1.1,60,Butterfreeバタフリー,Butterfree,50,12,90,80,70,bug,flying,32.0,1,0
['Shield Dust', 'Run Away'],0.5,1,1,1,0.5,0.25,2,2,1,0.25,1,1,1,0.5,2,2,1,1,35,3840,70,195,255,Hairy Pokémon,30,1000000,0.3,40,Beedleビードル,Weedle,50,13,20,20,50,bug,poison,3.2,1,0
['Shed Skin'],0.5,1,1,1,0.5,0.25,2,2,1,0.25,1,1,1,0.5,2,2,1,1,25,3840,70,205,120,Cocoon Pokémon,50,1000000,0.6,45,Cocoonコクーン,Kakuna,50,14,25,25,35,bug,poison,10.0,1,0
['Swarm', 'Sniper'],0.5,1,1,1,0.5,0.25,2,2,1,0.25,1,1,1,0.5,2,2,1,1,150,3840,70,495,45,Poison Bee Pokémon,40,1000000,1.0,65,Spearスピアー,Beedrill,50,15,15,80,145,bug,poison,29.5,1,0
['Keen Eye', 'Tangled Feet', 'Big Pecks'],0.5,1,1,2,1,1,1,1,0,0.5,0,2,1,1,1,2,1,1,45,3840,70,251,255,Tiny Bird Pokémon,40,1059860,0.3,40,Poppoポッポ,Pidgey,50,16,35,35,56,normal,flying,1.8,1,0
['Keen Eye', 'Tangled Feet', 'Big Pecks'],0.5,1,1,2,1,1,1,1,0,0.5,0,2,1,1,1,2,1,1,60,3840,70,349,120,Bird Pokémon,55,1059860,1.1,63,Pigeonピジョン,Pidgeotto,50,17,50,50,71,normal,flying,30.0,1,0
['Keen Eye', 'Tangled Feet', 'Big Pecks'],0.5,1,1,2,1,1,1,1,0,0.5,0,2,1,1,1,2,1,1,80,3840,70,579,45,Bird Pokémon,80,1059860,1.5,83,Pigeotピジョット,Pidgeot,50,18,135,80,121,normal,flying,39.5,1,0
['Run Away', 'Guts', 'Hustle', 'Gluttony', 'Hustle', 'Thick Fat'],1,1,1,1,1,2,1,1,0,1,1,1,1,1,1,1,1,1,56,3840,70,253,255,Mouse Pokémon,35,1000000,,30,Korattaコラッタ,Rattata,50,19,25,35,72,normal,dark,,1,0
['Run Away', 'Guts', 'Hustle', 'Gluttony', 'Hustle', 'Thick Fat'],1,1,1,1,1,2,1,1,0,1,1,1,1,1,1,1,1,1,71,3840,70,413,127,Mouse Pokémon,70,1000000,,75,Rattaラッタ,Raticate,50,20,40,80,77,normal,dark,,1,0
['Keen Eye', 'Sniper'],0.5,1,1,2,1,1,1,1,0,0.5,0,2,1,1,1,2,1,1,60,3840,70,262,255,Tiny Bird Pokémon,30,1000000,0.3,40,Onisuzumeオニスズメ,Spearow,50,21,31,31,70,normal,flying,2.0,1,0
['Keen Eye', 'Sniper'],0.5,1,1,2,1,1,1,1,0,0.5,0,2,1,1,1,2,1,1,90,3840,70,442,90,Beak Pokémon,65,1000000,1.2,65,Onidrillオニドリル,Fearow,50,22,61,61,100,normal,flying,38.0,1,0
['Intimidate', 'Shed Skin', 'Unnerve'],0.5,1,1,1,0.5,0.5,1,1,1,0.5,2,1,1,0.5,2,1,1,1,60,5120,70,288,255,Snake Pokémon,44,1000000,2.0,35,Arboアーボ,Ekans,50,23,40,54,55,poison,,6.9,1,0
['Intimidate', 'Shed Skin', 'Unnerve'],0.5,1,1,1,0.5,0.5,1,1,1,0.5,2,1,1,0.5,2,1,1,1,95,5120,70,448,90,Cobra Pokémon,69,1000000,3.5,60,Arbokアーボック,Arbok,50,24,65,79,80,poison,,65.0,1,0
['Static', 'Lightningrod'],1,1,1,0.5,1,1,1,0.5,1,1,2,1,1,1,1,1,0.5,1,55,2560,70,320,190,Mouse Pokémon,40,1000000,0.4,35,Pikachuピカチュウ,Pikachu,50,25,50,50,90,electric,,6.0,1,0
['Static', 'Lightningrod', 'Surge Surfer'],1,1,1,0.5,1,1,1,0.5,1,1,2,1,1,1,1,1,0.5,1,85,2560,70,485,75,Mouse Pokémon,50,1000000,,60,Raichuライチュウ,Raichu,50,26,95,85,110,electric,electric,,1,0
['Sand Veil', 'Sand Rush', 'Snow Cloak', 'Slush Rush'],1,1,1,0,1,1,1,1,1,2,1,2,1,0.5,1,0.5,1,2,75,5120,70,300,255,Mouse Pokémon,90,1000000,,50,Sandサンド,Sandshrew,50,27,10,35,40,ground,ice,,1,0
['Sand Veil', 'Sand Rush', 'Snow Cloak', 'Slush Rush'],1,1,1,0,1,1,1,1,1,2,1,2,1,0.5,1,0.5,1,2,100,5120,70,450,90,Mouse Pokémon,120,1000000,,75,Sandpanサンドパン,Sandslash,50,28,25,65,65,ground,ice,,1,0
['Poison Point', 'Rivalry', 'Hustle'],0.5,1,1,1,0.5,0.5,1,1,1,0.5,2,1,1,0.5,2,1,1,1,47,5120,70,275,235,Poison Pin Pokémon,52,1059860,0.4,55,Nidoran?ニドラン♀,Nidoran♀,0,29,40,40,41,poison,,7.0,1,0
['Poison Point', 'Rivalry', 'Hustle'],0.5,1,1,1,0.5,0.5,1,1,1,0.5,2,1,1,0.5,2,1,1,1,62,5120,70,365,120,Poison Pin Pokémon,67,1059860,0.8,70,Nidorinaニドリーナ,Nidorina,0,30,55,55,56,poison,,20.0,1,0
['Poison Point', 'Rivalry', 'Sheer Force'],0.5,1,1,0,0.5,0.5,1,1,1,1,2,2,1,0.25,2,0.5,1,2,92,5120,70,505,45,Drill Pokémon,87,1059860,1.3,90,Nidoqueenニドクイン,Nidoqueen,0,31,75,85,76,poison,ground,60.0,1,0
['Poison Point', 'Rivalry', 'Hustle'],0.5,1,1,1,0.5,0.5,1,1,1,0.5,2,1,1,0.5,2,1,1,1,57,5120,70,273,235,Poison Pin Pokémon,40,1059860,0.5,46,Nidoran?ニドラン♂,Nidoran♂,100,32,40,40,50,poison,,9.0,1,0
['Poison Point', 'Rivalry', 'Hustle'],0.5,1,1,1,0.5,0.5,1,1,1,0.5,2,1,1,0.5,2,1,1,1,72,5120,70,365,120,Poison Pin Pokémon,57,1059860,0.9,61,Nidorinoニドリーノ,Nidorino,100,33,55,55,65,poison,,19.5,1,0
['Poison Point', 'Rivalry', 'Sheer Force'],0.5,1,1,0,0.5,0.5,1,1,1,1,2,2,1,0.25,2,0.5,1,2,102,5120,70,505,45,Drill Pokémon,77,1059860,1.4,81,Nidokingニドキング,Nidoking,100,34,85,75,85,poison,ground,62.0,1,0
['Cute Charm', 'Magic Guard', 'Friend Guard'],0.5,0.5,0,1,1,0.5,1,1,1,1,1,1,1,2,1,1,2,1,45,2560,140,323,150,Fairy Pokémon,48,800000,0.6,70,Pippiピッピ,Clefairy,24.6,35,60,65,35,fairy,,7.5,1,0
['Cute Charm', 'Magic Guard', 'Unaware'],0.5,0.5,0,1,1,0.5,1,1,1,1,1,1,1,2,1,1,2,1,70,2560,140,483,25,Fairy Pokémon,73,800000,1.3,95,Pixyピクシー,Clefable,24.6,36,95,90,60,fairy,,40.0,1,0
['Flash Fire', 'Drought', 'Snow Cloak', 'Snow Warning'],0.5,1,1,1,0.5,1,0.5,1,1,0.5,2,0.5,1,1,1,2,0.5,2,41,5120,70,299,190,Fox Pokémon,40,1000000,,38,Rokonロコン,Vulpix,24.6,37,50,65,65,fire,ice,,1,0
['Flash Fire', 'Drought', 'Snow Cloak', 'Snow Warning'],0.5,1,1,1,0.5,1,0.5,1,1,0.5,2,0.5,1,1,1,2,0.5,2,67,5120,70,505,75,Fox Pokémon,75,1000000,,73,Kyukonキュウコン,Ninetales,24.6,38,81,100,109,fire,ice,,1,0
['Cute Charm', 'Competitive', 'Friend Guard'],0.5,0.5,0,1,1,1,1,1,0,1,1,1,1,2,1,1,2,1,45,2560,70,270,170,Balloon Pokémon,20,800000,0.5,115,Purinプリン,Jigglypuff,24.6,39,45,25,20,normal,fairy,5.5,1,0
['Cute Charm', 'Competitive', 'Frisk'],0.5,0.5,0,1,1,1,1,1,0,1,1,1,1,2,1,1,2,1,70,2560,70,435,50,Balloon Pokémon,45,800000,1.0,140,Pukurinプクリン,Wigglytuff,24.6,40,85,50,45,normal,fairy,12.0,1,0
['Inner Focus', 'Infiltrator'],0.25,1,1,2,0.5,0.25,1,1,1,0.25,0,2,1,0.5,2,2,1,1,45,3840,70,245,255,Bat Pokémon,35,1000000,0.8,40,Zubatズバット,Zubat,50,41,30,40,55,poison,flying,7.5,1,0
['Inner Focus', 'Infiltrator'],0.25,1,1,2,0.5,0.25,1,1,1,0.25,0,2,1,0.5,2,2,1,1,80,3840,70,455,90,Bat Pokémon,70,1000000,1.6,75,Golbatゴルバット,Golbat,50,42,65,75,90,poison,flying,55.0,1,0
['Chlorophyll', 'Run Away'],1,1,1,0.5,0.5,0.5,2,2,1,0.25,1,2,1,1,2,1,1,0.5,50,5120,70,320,255,Weed Pokémon,55,1059860,0.5,45,Nazonokusaナゾノクサ,Oddish,50,43,75,65,30,grass,poison,5.4,1,0
['Chlorophyll', 'Stench'],1,1,1,0.5,0.5,0.5,2,2,1,0.25,1,2,1,1,2,1,1,0.5,65,5120,70,395,120,Weed Pokémon,70,1059860,0.8,60,Kusaihanaクサイハナ,Gloom,50,44,85,75,40,grass,poison,8.6,1,0
['Chlorophyll', 'Effect Spore'],1,1,1,0.5,0.5,0.5,2,2,1,0.25,1,2,1,1,2,1,1,0.5,80,5120,70,490,45,Flower Pokémon,85,1059860,1.2,75,Ruffresiaラフレシア,Vileplume,50,45,110,90,50,grass,poison,18.6,1,0
['Effect Spore', 'Dry Skin', 'Damp'],2,1,1,0.5,1,0.5,4,4,1,0.25,0.25,2,1,2,1,2,1,0.5,70,5120,70,285,190,Mushroom Pokémon,55,1000000,0.3,35,Parasパラス,Paras,50,46,45,55,25,bug,grass,5.4,1,0
['Effect Spore', 'Dry Skin', 'Damp'],2,1,1,0.5,1,0.5,4,4,1,0.25,0.25,2,1,2,1,2,1,0.5,95,5120,70,405,75,Mushroom Pokémon,80,1000000,1.0,60,Parasectパラセクト,Parasect,50,47,60,80,30,bug,grass,29.5,1,0
['Compoundeyes', 'Tinted Lens', 'Run Away'],0.5,1,1,1,0.5,0.25,2,2,1,0.25,1,1,1,0.5,2,2,1,1,55,5120,70,305,190,Insect Pokémon,50,1000000,1.0,60,Kongpangコンパン,Venonat,50,48,40,55,45,bug,poison,30.0,1,0
['Shield Dust', 'Tinted Lens', 'Wonder Skin '],0.5,1,1,1,0.5,0.25,2,2,1,0.25,1,1,1,0.5,2,2,1,1,65,5120,70,450,75,Poison Moth Pokémon,60,1000000,1.5,70,Morphonモルフォン,Venomoth,50,49,90,75,90,bug,poison,12.5,1,0
['Sand Veil', 'Arena Trap', 'Sand Force', 'Sand Veil', 'Tangling Hair', 'Sand Force'],1,1,1,0,1,1,1,1,1,2,1,2,1,0.5,1,0.5,1,2,55,5120,70,265,255,Mole Pokémon,30,1000000,,10,Digdaディグダ,Diglett,50,50,35,45,90,ground,ground,,1,0
['Sand Veil', 'Arena Trap', 'Sand Force', 'Sand Veil', 'Tangling Hair', 'Sand Force'],1,1,1,0,1,1,1,1,1,2,1,2,1,0.5,1,0.5,1,2,100,5120,70,425,50,Mole Pokémon,60,1000000,,35,Dugtrioダグトリオ,Dugtrio,50,51,50,70,110,ground,ground,,1,0
['Pickup', 'Technician', 'Unnerve', 'Pickup', 'Technician', 'Rattled'],1,1,1,1,1,2,1,1,0,1,1,1,1,1,1,1,1,1,35,5120,70,290,255,Scratch Cat Pokémon,35,1000000,,40,Nyarthニャース,Meowth,50,52,50,40,90,normal,dark,,1,0
['Limber', 'Technician', 'Unnerve', 'Fur Coat', 'Technician', 'Rattled'],1,1,1,1,1,2,1,1,0,1,1,1,1,1,1,1,1,1,60,5120,70,440,90,Classy Cat Pokémon,60,1000000,,65,Persianペルシアン,Persian,50,53,75,65,115,normal,dark,,1,0
['Damp', 'Cloud Nine', 'Swift Swim'],1,1,1,2,1,1,0.5,1,1,2,1,0.5,1,1,1,1,0.5,0.5,52,5120,70,320,190,Duck Pokémon,48,1000000,0.8,50,Koduckコダック,Psyduck,50,54,65,50,55,water,,19.6,1,0
['Damp', 'Cloud Nine', 'Swift Swim'],1,1,1,2,1,1,0.5,1,1,2,1,0.5,1,1,1,1,0.5,0.5,82,5120,70,500,75,Duck Pokémon,78,1000000,1.7,80,Golduckゴルダック,Golduck,50,55,95,80,85,water,,76.6,1,0
['Vital Spirit', 'Anger Point', 'Defiant'],0.5,0.5,1,1,2,1,1,2,1,1,1,1,1,1,2,0.5,1,1,80,5120,70,305,190,Pig Monkey Pokémon,35,1000000,0.5,40,Mankeyマンキー,Mankey,50,56,35,45,70,fighting,,28.0,1,0
['Vital Spirit', 'Anger Point', 'Defiant'],0.5,0.5,1,1,2,1,1,2,1,1,1,1,1,1,2,0.5,1,1,105,5120,70,455,75,Pig Monkey Pokémon,60,1000000,1.0,65,Okorizaruオコリザル,Primeape,50,57,60,70,95,fighting,,32.0,1,0
['Intimidate', 'Flash Fire', 'Justified'],0.5,1,1,1,0.5,1,0.5,1,1,0.5,2,0.5,1,1,1,2,0.5,2,70,5120,70,350,190,Puppy Pokémon,45,1250000,0.7,55,Gardieガーディ,Growlithe,75.4,58,70,50,60,fire,,19.0,1,0
['Intimidate', 'Flash Fire', 'Justified'],0.5,1,1,1,0.5,1,0.5,1,1,0.5,2,0.5,1,1,1,2,0.5,2,110,5120,70,555,75,Legendary Pokémon,80,1250000,1.9,90,Windieウインディ,Arcanine,75.4,59,100,80,95,fire,,155.0,1,0
['Water Absorb', 'Damp', 'Swift Swim'],1,1,1,2,1,1,0.5,1,1,2,1,0.5,1,1,1,1,0.5,0.5,50,5120,70,300,255,Tadpole Pokémon,40,1059860,0.6,40,Nyoromoニョロモ,Poliwag,50,60,40,40,90,water,,12.4,1,0
['Water Absorb', 'Damp', 'Swift Swim'],1,1,1,2,1,1,0.5,1,1,2,1,0.5,1,1,1,1,0.5,0.5,65,5120,70,385,120,Tadpole Pokémon,65,1059860,1.0,65,Nyorozoニョロゾ,Poliwhirl,50,61,50,50,90,water,,20.0,1,0
['Water Absorb', 'Damp', 'Swift Swim'],0.5,0.5,1,2,2,1,0.5,2,1,2,1,0.5,1,1,2,0.5,0.5,0.5,95,5120,70,510,45,Tadpole Pokémon,95,1059860,1.3,90,Nyorobonニョロボン,Poliwrath,50,62,70,90,70,water,fighting,54.0,1,0
['Synchronize', 'Inner Focus', 'Magic Guard'],2,2,1,1,1,0.5,1,1,2,1,1,1,1,1,0.5,1,1,1,20,5120,70,310,200,Psi Pokémon,15,1059860,0.9,25,Caseyケーシィ,Abra,75.4,63,105,55,90,psychic,,19.5,1,0
['Synchronize', 'Inner Focus', 'Magic Guard'],2,2,1,1,1,0.5,1,1,2,1,1,1,1,1,0.5,1,1,1,35,5120,70,400,100,Psi Pokémon,30,1059860,1.3,40,Yungererユンゲラー,Kadabra,75.4,64,120,70,105,psychic,,56.5,1,0
['Synchronize', 'Inner Focus', 'Magic Guard'],2,2,1,1,1,0.5,1,1,2,1,1,1,1,1,0.5,1,1,1,50,5120,70,600,50,Psi Pokémon,65,1059860,1.5,55,Foodinフーディン,Alakazam,75.4,65,175,105,150,psychic,,48.0,1,0
['Guts', 'No Guard', 'Steadfast'],0.5,0.5,1,1,2,1,1,2,1,1,1,1,1,1,2,0.5,1,1,80,5120,70,305,180,Superpower Pokémon,50,1059860,0.8,70,Wanrikyワンリキー,Machop,75.4,66,35,35,35,fighting,,19.5,1,0
['Guts', 'No Guard', 'Steadfast'],0.5,0.5,1,1,2,1,1,2,1,1,1,1,1,1,2,0.5,1,1,100,5120,70,405,90,Superpower Pokémon,70,1059860,1.5,80,Gorikyゴーリキー,Machoke,75.4,67,50,60,45,fighting,,70.5,1,0
['Guts', 'No Guard', 'Steadfast'],0.5,0.5,1,1,2,1,1,2,1,1,1,1,1,1,2,0.5,1,1,130,5120,70,505,45,Superpower Pokémon,80,1059860,1.6,90,Kairikyカイリキー,Machamp,75.4,68,65,85,55,fighting,,130.0,1,0
['Chlorophyll', 'Gluttony'],1,1,1,0.5,0.5,0.5,2,2,1,0.25,1,2,1,1,2,1,1,0.5,75,5120,70,300,255,Flower Pokémon,35,1059860,0.7,50,Madatsubomiマダツボミ,Bellsprout,50,69,70,30,40,grass,poison,4.0,1,0
['Chlorophyll', 'Gluttony'],1,1,1,0.5,0.5,0.5,2,2,1,0.25,1,2,1,1,2,1,1,0.5,90,5120,70,390,120,Flycatcher Pokémon,50,1059860,1.0,65,Utsudonウツドン,Weepinbell,50,70,85,45,55,grass,poison,6.4,1,0
['Chlorophyll', 'Gluttony'],1,1,1,0.5,0.5,0.5,2,2,1,0.25,1,2,1,1,2,1,1,0.5,105,5120,70,490,45,Flycatcher Pokémon,65,1059860,1.7,80,Utsubotウツボット,Victreebel,50,71,100,70,70,grass,poison,15.5,1,0
['Clear Body', 'Liquid Ooze', 'Rain Dish'],0.5,1,1,2,0.5,0.5,0.5,1,1,1,2,0.5,1,0.5,2,1,0.5,0.5,40,5120,70,335,190,Jellyfish Pokémon,35,1250000,0.9,40,Menokurageメノクラゲ,Tentacool,50,72,50,100,70,water,poison,45.5,1,0
['Clear Body', 'Liquid Ooze', 'Rain Dish'],0.5,1,1,2,0.5,0.5,0.5,1,1,1,2,0.5,1,0.5,2,1,0.5,0.5,70,5120,70,515,60,Jellyfish Pokémon,65,1250000,1.6,80,Dokukurageドククラゲ,Tentacruel,50,73,80,120,100,water,poison,55.0,1,0
['Rock Head', 'Sturdy', 'Sand Veil', 'Magnet Pull', 'Sturdy', 'Galvanize'],1,1,1,0,1,2,0.5,0.5,1,4,2,2,0.5,0.25,1,0.5,2,4,80,3840,70,300,255,Rock Pokémon,100,1059860,,40,Isitsubuteイシツブテ,Geodude,50,74,30,30,20,rock,ground,,1,0
['Rock Head', 'Sturdy', 'Sand Veil', 'Magnet Pull', 'Sturdy', 'Galvanize'],1,1,1,0,1,2,0.5,0.5,1,4,2,2,0.5,0.25,1,0.5,2,4,95,3840,70,390,120,Rock Pokémon,115,1059860,,55,Goloneゴローン,Graveler,50,75,45,45,35,rock,ground,,1,0
['Rock Head', 'Sturdy', 'Sand Veil', 'Magnet Pull', 'Sturdy', 'Galvanize'],1,1,1,0,1,2,0.5,0.5,1,4,2,2,0.5,0.25,1,0.5,2,4,120,3840,70,495,45,Megaton Pokémon,130,1059860,,80,Golonyaゴローニャ,Golem,50,76,55,65,45,rock,ground,,1,0
['Run Away', 'Flash Fire', 'Flame Body'],0.5,1,1,1,0.5,1,0.5,1,1,0.5,2,0.5,1,1,1,2,0.5,2,85,5120,70,410,190,Fire Horse Pokémon,55,1000000,1.0,50,Ponytaポニータ,Ponyta,50,77,65,65,90,fire,,30.0,1,0
['Run Away', 'Flash Fire', 'Flame Body'],0.5,1,1,1,0.5,1,0.5,1,1,0.5,2,0.5,1,1,1,2,0.5,2,100,5120,70,500,60,Fire Horse Pokémon,70,1000000,1.7,65,Gallopギャロップ,Rapidash,50,78,80,80,105,fire,,95.0,1,0
['Oblivious', 'Own Tempo', 'Regenerator'],2,2,1,2,1,0.5,0.5,1,2,2,1,0.5,1,1,0.5,1,0.5,0.5,65,5120,70,315,190,Dopey Pokémon,65,1000000,1.2,90,Yadonヤドン,Slowpoke,50,79,40,40,15,water,psychic,36.0,1,0
['Oblivious', 'Own Tempo', 'Regenerator'],2,2,1,2,1,0.5,0.5,1,2,2,1,0.5,1,1,0.5,1,0.5,0.5,75,5120,70,590,75,Hermit Crab Pokémon,180,1000000,1.6,95,Yadoranヤドラン,Slowbro,50,80,130,80,30,water,psychic,78.5,1,0
['Magnet Pull', 'Sturdy', 'Analytic'],0.5,1,0.5,0.5,0.5,2,2,0.25,1,0.5,4,0.5,0.5,0,0.5,0.5,0.25,1,35,5120,70,325,190,Magnet Pokémon,70,1000000,0.3,25,Coilコイル,Magnemite,,81,95,55,45,electric,steel,6.0,1,0
['Magnet Pull', 'Sturdy', 'Analytic'],0.5,1,0.5,0.5,0.5,2,2,0.25,1,0.5,4,0.5,0.5,0,0.5,0.5,0.25,1,60,5120,70,465,60,Magnet Pokémon,95,1000000,1.0,50,Rarecoilレアコイル,Magneton,,82,120,70,70,electric,steel,60.0,1,0
['Keen Eye', 'Inner Focus', 'Defiant'],0.5,1,1,2,1,1,1,1,0,0.5,0,2,1,1,1,2,1,1,90,5120,70,377,45,Wild Duck Pokémon,55,1000000,0.8,52,Kamonegiカモネギ,Farfetch'd,50,83,58,62,60,normal,flying,15.0,1,0
['Run Away', 'Early Bird', 'Tangled Feet'],0.5,1,1,2,1,1,1,1,0,0.5,0,2,1,1,1,2,1,1,85,5120,70,310,190,Twin Bird Pokémon,45,1000000,1.4,35,Dodoドードー,Doduo,50,84,35,35,75,normal,flying,39.2,1,0
['Run Away', 'Early Bird', 'Tangled Feet'],0.5,1,1,2,1,1,1,1,0,0.5,0,2,1,1,1,2,1,1,110,5120,70,470,45,Triple Bird Pokémon,70,1000000,1.8,60,Dodorioドードリオ,Dodrio,50,85,60,60,110,normal,flying,85.2,1,0
['Thick Fat', 'Hydration', 'Ice Body'],1,1,1,2,1,1,0.5,1,1,2,1,0.5,1,1,1,1,0.5,0.5,45,5120,70,325,190,Sea Lion Pokémon,55,1000000,1.1,65,Pawouパウワウ,Seel,50,86,45,70,45,water,,90.0,1,0
['Thick Fat', 'Hydration', 'Ice Body'],1,1,1,2,1,2,1,1,1,2,1,0.25,1,1,1,2,1,0.5,70,5120,70,475,75,Sea Lion Pokémon,80,1000000,1.7,90,Jugonジュゴン,Dewgong,50,87,70,95,70,water,ice,120.0,1,0
['Stench', 'Sticky Hold', 'Poison Touch', 'Poison Touch', 'Gluttony', 'Power of Alchemy'],0.5,1,1,1,0.5,0.5,1,1,1,0.5,2,1,1,0.5,2,1,1,1,80,5120,70,325,190,Sludge Pokémon,50,1000000,,80,Betbeterベトベター,Grimer,50,88,40,50,25,poison,poison,,1,0
['Stench', 'Sticky Hold', 'Poison Touch', 'Poison Touch', 'Gluttony', 'Power of Alchemy'],0.5,1,1,1,0.5,0.5,1,1,1,0.5,2,1,1,0.5,2,1,1,1,105,5120,70,500,75,Sludge Pokémon,75,1000000,,105,Betbetonベトベトン,Muk,50,89,65,100,50,poison,poison,,1,0
['Shell Armor', 'Skill Link', 'Overcoat'],1,1,1,2,1,1,0.5,1,1,2,1,0.5,1,1,1,1,0.5,0.5,65,5120,70,305,190,Bivalve Pokémon,100,1250000,0.3,30,Shellderシェルダー,Shellder,50,90,45,25,40,water,,4.0,1,0
['Shell Armor', 'Skill Link', 'Overcoat'],1,1,1,2,1,2,1,1,1,2,1,0.25,1,1,1,2,1,0.5,95,5120,70,525,60,Bivalve Pokémon,180,1250000,1.5,50,Parshenパルシェン,Cloyster,50,91,85,45,70,water,ice,132.5,1,0
['Levitate'],0.25,2,1,1,0.5,0,1,1,2,0.5,2,1,0,0.25,2,1,1,1,35,5120,70,310,190,Gas Pokémon,30,1059860,1.3,30,Ghosゴース,Gastly,50,92,100,35,80,ghost,poison,0.1,1,0
['Levitate'],0.25,2,1,1,0.5,0,1,1,2,0.5,2,1,0,0.25,2,1,1,1,50,5120,70,405,90,Gas Pokémon,45,1059860,1.6,45,Ghostゴースト,Haunter,50,93,115,55,95,ghost,poison,0.1,1,0
['Cursed Body'],0.25,2,1,1,0.5,0,1,1,2,0.5,2,1,0,0.25,2,1,1,1,65,5120,70,600,45,Shadow Pokémon,80,1059860,1.5,60,Gangarゲンガー,Gengar,50,94,170,95,130,ghost,poison,40.5,1,0
['Rock Head', 'Sturdy', 'Weak Armor'],1,1,1,0,1,2,0.5,0.5,1,4,2,2,0.5,0.25,1,0.5,2,4,45,6400,70,385,45,Rock Snake Pokémon,160,1000000,8.8,35,Iwarkイワーク,Onix,50,95,30,45,70,rock,ground,210.0,1,0
['Insomnia', 'Forewarn', 'Inner Focus'],2,2,1,1,1,0.5,1,1,2,1,1,1,1,1,0.5,1,1,1,48,5120,70,328,190,Hypnosis Pokémon,45,1000000,1.0,60,Sleepeスリープ,Drowzee,50,96,43,90,42,psychic,,32.4,1,0
['Insomnia', 'Forewarn', 'Inner Focus'],2,2,1,1,1,0.5,1,1,2,1,1,1,1,1,0.5,1,1,1,73,5120,70,483,75,Hypnosis Pokémon,70,1000000,1.6,85,Sleeperスリーパー,Hypno,50,97,73,115,67,psychic,,75.6,1,0
['Hyper Cutter', 'Shell Armor', 'Sheer Force'],1,1,1,2,1,1,0.5,1,1,2,1,0.5,1,1,1,1,0.5,0.5,105,5120,70,325,225,River Crab Pokémon,90,1000000,0.4,30,Crabクラブ,Krabby,50,98,25,25,50,water,,6.5,1,0
['Hyper Cutter', 'Shell Armor', 'Sheer Force'],1,1,1,2,1,1,0.5,1,1,2,1,0.5,1,1,1,1,0.5,0.5,130,5120,70,475,60,Pincer Pokémon,115,1000000,1.3,55,Kinglerキングラー,Kingler,50,99,50,50,75,water,,60.0,1,0
['Soundproof', 'Static', 'Aftermath'],1,1,1,0.5,1,1,1,0.5,1,1,2,1,1,1,1,1,0.5,1,30,5120,70,330,190,Ball Pokémon,50,1000000,0.5,40,Biriridamaビリリダマ,Voltorb,,100,55,55,100,electric,,10.4,1,0
['Soundproof', 'Static', 'Aftermath'],1,1,1,0.5,1,1,1,0.5,1,1,2,1,1,1,1,1,0.5,1,50,5120,70,490,60,Ball Pokémon,70,1000000,1.2,60,Marumineマルマイン,Electrode,,101,80,80,150,electric,,66.6,1,0
['Chlorophyll', 'Harvest'],4,2,1,0.5,1,0.5,2,2,2,0.5,0.5,2,1,2,0.5,1,1,0.5,40,5120,70,325,90,Egg Pokémon,80,1250000,0.4,60,Tamatamaタマタマ,Exeggcute,50,102,60,45,40,grass,psychic,2.5,1,0
['Chlorophyll', 'Harvest', 'Frisk', 'Harvest'],4,2,1,0.5,1,0.5,2,2,2,0.5,0.5,2,1,2,0.5,1,1,0.5,105,5120,70,530,45,Coconut Pokémon,85,1250000,,95,Nassyナッシー,Exeggutor,50,103,125,75,45,grass,psychic,,1,0
['Rock Head', 'Lightningrod', 'Battle Armor'],1,1,1,0,1,1,1,1,1,2,1,2,1,0.5,1,0.5,1,2,50,5120,70,320,190,Lonely Pokémon,95,1000000,0.4,50,Karakaraカラカラ,Cubone,50,104,40,50,35,ground,,6.5,1,0
['Rock Head', 'Lightningrod', 'Battle Armor', 'Cursed Body', 'Lightningrod', 'Rock Head'],1,1,1,0,1,1,1,1,1,2,1,2,1,0.5,1,0.5,1,2,80,5120,70,425,75,Bone Keeper Pokémon,110,1000000,,60,Garagaraガラガラ,Marowak,50,105,50,80,45,ground,fire,,1,0
['Limber', 'Reckless', 'Unburden'],0.5,0.5,1,1,2,1,1,2,1,1,1,1,1,1,2,0.5,1,1,120,6400,70,455,45,Kicking Pokémon,53,1000000,1.5,50,Sawamularサワムラー,Hitmonlee,100,106,35,110,87,fighting,,49.8,1,0
['Keen Eye', 'Iron Fist', 'Inner Focus'],0.5,0.5,1,1,2,1,1,2,1,1,1,1,1,1,2,0.5,1,1,105,6400,70,455,45,Punching Pokémon,79,1000000,1.4,50,Ebiwalarエビワラー,Hitmonchan,100,107,35,110,76,fighting,,50.2,1,0
['Own Tempo', 'Oblivious', 'Cloud Nine'],1,1,1,1,1,2,1,1,0,1,1,1,1,1,1,1,1,1,55,5120,70,385,45,Licking Pokémon,75,1000000,1.2,90,Beroringaベロリンガ,Lickitung,50,108,60,75,30,normal,,65.5,1,0
['Levitate'],0.5,1,1,1,0.5,0.5,1,1,1,0.5,2,1,1,0.5,2,1,1,1,65,5120,70,340,190,Poison Gas Pokémon,95,1000000,0.6,40,Dogarsドガース,Koffing,50,109,60,45,35,poison,,1.0,1,0
['Levitate'],0.5,1,1,1,0.5,0.5,1,1,1,0.5,2,1,1,0.5,2,1,1,1,90,5120,70,490,60,Poison Gas Pokémon,120,1000000,1.2,65,Matadogasマタドガス,Weezing,50,110,85,70,60,poison,,9.5,1,0
['Lightningrod', 'Rock Head', 'Reckless'],1,1,1,0,1,2,0.5,0.5,1,4,2,2,0.5,0.25,1,0.5,2,4,85,5120,70,345,120,Spikes Pokémon,95,1250000,1.0,80,Sihornサイホーン,Rhyhorn,50,111,30,30,25,ground,rock,115.0,1,0
['Lightningrod', 'Rock Head', 'Reckless'],1,1,1,0,1,2,0.5,0.5,1,4,2,2,0.5,0.25,1,0.5,2,4,130,5120,70,485,60,Drill Pokémon,120,1250000,1.9,105,Sidonサイドン,Rhydon,50,112,45,45,40,ground,rock,120.0,1,0
['Natural Cure', 'Serene Grace', 'Healer'],1,1,1,1,1,2,1,1,0,1,1,1,1,1,1,1,1,1,5,10240,140,450,30,Egg Pokémon,5,800000,1.1,250,Luckyラッキー,Chansey,0,113,35,105,50,normal,,34.6,1,0
['Chlorophyll', 'Leaf Guard', 'Regenerator'],2,1,1,0.5,1,1,2,2,1,0.5,0.5,2,1,2,1,1,1,0.5,55,5120,70,435,45,Vine Pokémon,115,1000000,1.0,65,Monjaraモンジャラ,Tangela,50,114,100,40,60,grass,,35.0,1,0
['Early Bird', 'Scrappy', 'Inner Focus'],1,1,1,1,1,2,1,1,0,1,1,1,1,1,1,1,1,1,125,5120,70,590,45,Parent Pokémon,100,1000000,2.2,105,Garuraガルーラ,Kangaskhan,0,115,60,100,100,normal,,80.0,1,0
['Swift Swim', 'Sniper', 'Damp'],1,1,1,2,1,1,0.5,1,1,2,1,0.5,1,1,1,1,0.5,0.5,40,5120,70,295,225,Dragon Pokémon,70,1000000,0.4,30,Tattuタッツー,Horsea,50,116,70,25,60,water,,8.0,1,0
['Poison Point', 'Sniper', 'Damp'],1,1,1,2,1,1,0.5,1,1,2,1,0.5,1,1,1,1,0.5,0.5,65,5120,70,440,75,Dragon Pokémon,95,1000000,1.2,55,Seadraシードラ,Seadra,50,117,95,45,85,water,,25.0,1,0
['Swift Swim', 'Water Veil', 'Lightningrod'],1,1,1,2,1,1,0.5,1,1,2,1,0.5,1,1,1,1,0.5,0.5,67,5120,70,320,225,Goldfish Pokémon,60,1000000,0.6,45,Tosakintoトサキント,Goldeen,50,118,35,50,63,water,,15.0,1,0
['Swift Swim', 'Water Veil', 'Lightningrod'],1,1,1,2,1,1,0.5,1,1,2,1,0.5,1,1,1,1,0.5,0.5,92,5120,70,450,60,Goldfish Pokémon,65,1000000,1.3,80,Azumaoアズマオウ,Seaking,50,119,65,80,68,water,,39.0,1,0
['Illuminate', 'Natural Cure', 'Analytic'],1,1,1,2,1,1,0.5,1,1,2,1,0.5,1,1,1,1,0.5,0.5,45,5120,70,340,225,Starshape Pokémon,55,1250000,0.8,30,Hitodemanヒトデマン,Staryu,,120,70,55,85,water,,34.5,1,0
['Illuminate', 'Natural Cure', 'Analytic'],2,2,1,2,1,0.5,0.5,1,2,2,1,0.5,1,1,0.5,1,0.5,0.5,75,5120,70,520,60,Mysterious Pokémon,85,1250000,1.1,60,Starmieスターミー,Starmie,,121,100,85,115,water,psychic,80.0,1,0
['Soundproof', 'Filter', 'Technician'],1,1,0,1,1,0.25,1,1,2,1,1,1,1,2,0.5,1,2,1,45,6400,70,460,45,Barrier Pokémon,65,1000000,1.3,40,Barrierdバリヤード,Mr. Mime,50,122,100,120,90,psychic,fairy,54.5,1,0
['Swarm', 'Technician', 'Steadfast'],0.5,1,1,2,1,0.25,2,2,1,0.25,0,2,1,1,1,4,1,1,110,6400,70,500,45,Mantis Pokémon,80,1000000,1.5,70,Strikeストライク,Scyther,50,123,55,80,105,bug,flying,56.0,1,0
['Oblivious', 'Forewarn', 'Dry Skin'],2,2,1,1,1,1,2,1,2,1,1,0.5,1,1,0.5,2,2,1,50,6400,70,455,45,Humanshape Pokémon,35,1000000,1.4,65,Rougelaルージュラ,Jynx,0,124,115,95,95,ice,psychic,40.6,1,0
['Static', 'Vital Spirit'],1,1,1,0.5,1,1,1,0.5,1,1,2,1,1,1,1,1,0.5,1,83,6400,70,490,45,Electric Pokémon,57,1000000,1.1,65,Elebooエレブー,Electabuzz,75.4,125,95,85,105,electric,,30.0,1,0
['Flame Body', 'Vital Spirit'],0.5,1,1,1,0.5,1,0.5,1,1,0.5,2,0.5,1,1,1,2,0.5,2,95,6400,70,495,45,Spitfire Pokémon,57,1000000,1.3,65,Booberブーバー,Magmar,75.4,126,100,85,93,fire,,44.5,1,0
['Hyper Cutter', 'Mold Breaker', 'Moxie'],1,1,1,1,1,0.5,2,2,1,0.5,0.5,1,1,1,1,2,1,1,155,6400,70,600,45,Stagbeetle Pokémon,120,1250000,1.5,65,Kailiosカイロス,Pinsir,50,127,65,90,105,bug,,55.0,1,0
['Intimidate', 'Anger Point', 'Sheer Force'],1,1,1,1,1,2,1,1,0,1,1,1,1,1,1,1,1,1,100,5120,70,490,45,Wild Bull Pokémon,95,1250000,1.4,75,Kentaurosケンタロス,Tauros,100,128,40,70,110,normal,,88.4,1,0
['Swift Swim', 'Rattled'],1,1,1,2,1,1,0.5,1,1,2,1,0.5,1,1,1,1,0.5,0.5,10,1280,70,200,255,Fish Pokémon,55,1250000,0.9,20,Koikingコイキング,Magikarp,50,129,15,20,80,water,,10.0,1,0
['Intimidate', 'Moxie'],0.5,1,1,4,1,0.5,0.5,1,1,1,0,1,1,1,1,2,0.5,0.5,155,1280,70,640,45,Atrocious Pokémon,109,1250000,6.5,95,Gyaradosギャラドス,Gyarados,50,130,70,130,81,water,flying,235.0,1,0
['Water Absorb', 'Shell Armor', 'Hydration'],1,1,1,2,1,2,1,1,1,2,1,0.25,1,1,1,2,1,0.5,85,10240,70,535,45,Transport Pokémon,80,1250000,2.5,130,Laplaceラプラス,Lapras,50,131,85,95,60,water,ice,220.0,1,0
['Limber', 'Imposter'],1,1,1,1,1,2,1,1,0,1,1,1,1,1,1,1,1,1,48,5120,70,288,35,Transform Pokémon,48,1000000,0.3,48,Metamonメタモン,Ditto,,132,48,48,48,normal,,4.0,1,0
['Run Away', 'Adaptability', 'Anticipation'],1,1,1,1,1,2,1,1,0,1,1,1,1,1,1,1,1,1,55,8960,70,325,45,Evolution Pokémon,50,1000000,0.3,55,Eievuiイーブイ,Eevee,88.1,133,45,65,55,normal,,6.5,1,0
['Water Absorb', 'Hydration'],1,1,1,2,1,1,0.5,1,1,2,1,0.5,1,1,1,1,0.5,0.5,65,8960,70,525,45,Bubble Jet Pokémon,60,1000000,1.0,130,Showersシャワーズ,Vaporeon,88.1,134,110,95,65,water,,29.0,1,0
['Volt Absorb', 'Quick Feet'],1,1,1,0.5,1,1,1,0.5,1,1,2,1,1,1,1,1,0.5,1,65,8960,70,525,45,Lightning Pokémon,60,1000000,0.8,65,Thundersサンダース,Jolteon,88.1,135,110,95,130,electric,,24.5,1,0
['Flash Fire', 'Guts'],0.5,1,1,1,0.5,1,0.5,1,1,0.5,2,0.5,1,1,1,2,0.5,2,130,8960,70,525,45,Flame Pokémon,60,1000000,0.9,65,Boosterブースター,Flareon,88.1,136,95,110,65,fire,,25.0,1,0
['Trace', 'Download', 'Analytic'],1,1,1,1,1,2,1,1,0,1,1,1,1,1,1,1,1,1,60,5120,70,395,45,Virtual Pokémon,70,1000000,0.8,65,Porygonポリゴン,Porygon,,137,85,75,40,normal,,36.5,1,0
['Swift Swim', 'Shell Armor', 'Weak Armor'],1,1,1,2,1,2,0.25,0.5,1,4,2,0.5,0.5,0.5,1,1,1,1,40,7680,70,355,45,Spiral Pokémon,100,1000000,0.4,35,Omniteオムナイト,Omanyte,88.1,138,90,55,35,rock,water,7.5,1,0
['Swift Swim', 'Shell Armor', 'Weak Armor'],1,1,1,2,1,2,0.25,0.5,1,4,2,0.5,0.5,0.5,1,1,1,1,60,7680,70,495,45,Spiral Pokémon,125,1000000,1.0,70,Omstarオムスター,Omastar,88.1,139,115,70,55,rock,water,35.0,1,0
['Swift Swim', 'Battle Armor', 'Weak Armor'],1,1,1,2,1,2,0.25,0.5,1,4,2,0.5,0.5,0.5,1,1,1,1,80,7680,70,355,45,Shellfish Pokémon,90,1000000,0.5,30,Kabutoカブト,Kabuto,88.1,140,55,45,55,rock,water,11.5,1,0
['Swift Swim', 'Battle Armor', 'Weak Armor'],1,1,1,2,1,2,0.25,0.5,1,4,2,0.5,0.5,0.5,1,1,1,1,115,7680,70,495,45,Shellfish Pokémon,105,1000000,1.3,60,Kabutopsカブトプス,Kabutops,88.1,141,65,70,80,rock,water,40.5,1,0
['Rock Head', 'Pressure', 'Unnerve'],0.5,1,1,2,1,1,0.5,0.5,1,1,0,2,0.5,0.5,1,2,2,2,135,8960,70,615,45,Fossil Pokémon,85,1250000,1.8,80,Pteraプテラ,Aerodactyl,88.1,142,70,95,150,rock,flying,59.0,1,0
['Immunity', 'Thick Fat', 'Gluttony'],1,1,1,1,1,2,1,1,0,1,1,1,1,1,1,1,1,1,110,10240,70,540,25,Sleeping Pokémon,65,1250000,2.1,160,Kabigonカビゴン,Snorlax,88.1,143,65,110,30,normal,,460.0,1,0
['Pressure', 'Snow Cloak'],0.5,1,1,2,1,1,2,1,1,0.5,0,1,1,1,1,4,2,1,85,20480,35,580,3,Freeze Pokémon,100,1250000,1.7,90,Freezerフリーザー,Articuno,,144,95,125,85,ice,flying,55.4,1,1
['Pressure', 'Static'],0.5,1,1,1,1,0.5,1,0.5,1,0.5,0,2,1,1,1,2,0.5,1,90,20480,35,580,3,Electric Pokémon,85,1250000,1.6,90,Thunderサンダー,Zapdos,,145,125,90,100,electric,flying,52.6,1,1
['Pressure', 'Flame Body'],0.25,1,1,2,0.5,0.5,0.5,1,1,0.25,0,1,1,1,1,4,0.5,2,100,20480,35,580,3,Flame Pokémon,90,1250000,2.0,90,Fireファイヤー,Moltres,,146,125,85,90,fire,flying,60.0,1,1
['Shed Skin', 'Marvel Scale'],1,1,2,0.5,2,1,0.5,1,1,0.5,1,2,1,1,1,1,1,0.5,64,10240,35,300,45,Dragon Pokémon,45,1250000,1.8,41,Miniryuミニリュウ,Dratini,50,147,50,50,50,dragon,,3.3,1,0
['Shed Skin', 'Marvel Scale'],1,1,2,0.5,2,1,0.5,1,1,0.5,1,2,1,1,1,1,1,0.5,84,10240,35,420,45,Dragon Pokémon,65,1250000,4.0,61,Hakuryuハクリュー,Dragonair,50,148,70,70,70,dragon,,16.5,1,0
['Inner Focus', 'Multiscale'],0.5,1,2,1,2,0.5,0.5,1,1,0.25,0,4,1,1,1,2,1,0.5,134,10240,35,600,45,Dragon Pokémon,95,1250000,2.2,91,Kairyuカイリュー,Dragonite,50,149,100,100,80,dragon,flying,210.0,1,0
['Pressure', 'Unnerve'],2,2,1,1,1,0.5,1,1,2,1,1,1,1,1,0.5,1,1,1,150,30720,0,780,3,Genetic Pokémon,70,1250000,2.0,106,Mewtwoミュウツー,Mewtwo,,150,194,120,140,psychic,,122.0,1,1
['Synchronize'],2,2,1,1,1,0.5,1,1,2,1,1,1,1,1,0.5,1,1,1,100,30720,100,600,45,New Species Pokémon,100,1059860,0.4,100,Mewミュウ,Mew,,151,100,100,100,psychic,,4.0,1,1
['Overgrow', 'Leaf Guard'],2,1,1,0.5,1,1,2,2,1,0.5,0.5,2,1,2,1,1,1,0.5,49,5120,70,318,45,Leaf Pokémon,65,1059860,0.9,45,Chicoritaチコリータ,Chikorita,88.1,152,49,65,45,grass,,6.4,2,0
['Overgrow', 'Leaf Guard'],2,1,1,0.5,1,1,2,2,1,0.5,0.5,2,1,2,1,1,1,0.5,62,5120,70,405,45,Leaf Pokémon,80,1059860,1.2,60,Bayleafベイリーフ,Bayleef,88.1,153,63,80,60,grass,,15.8,2,0
['Overgrow', 'Leaf Guard'],2,1,1,0.5,1,1,2,2,1,0.5,0.5,2,1,2,1,1,1,0.5,82,5120,70,525,45,Herb Pokémon,100,1059860,1.8,80,Meganiumメガニウム,Meganium,88.1,154,83,100,80,grass,,100.5,2,0
['Blaze', 'Flash Fire'],0.5,1,1,1,0.5,1,0.5,1,1,0.5,2,0.5,1,1,1,2,0.5,2,52,5120,70,309,45,Fire Mouse Pokémon,43,1059860,0.5,39,Hinoarashiヒノアラシ,Cyndaquil,88.1,155,60,50,65,fire,,7.9,2,0
['Blaze', 'Flash Fire'],0.5,1,1,1,0.5,1,0.5,1,1,0.5,2,0.5,1,1,1,2,0.5,2,64,5120,70,405,45,Volcano Pokémon,58,1059860,0.9,58,Magmarashiマグマラシ,Quilava,88.1,156,80,65,80,fire,,19.0,2,0
['Blaze', 'Flash Fire'],0.5,1,1,1,0.5,1,0.5,1,1,0.5,2,0.5,1,1,1,2,0.5,2,84,5120,70,534,45,Volcano Pokémon,78,1059860,1.7,78,Bakphoonバクフーン,Typhlosion,88.1,157,109,85,100,fire,,79.5,2,0
['Torrent', 'Sheer Force'],1,1,1,2,1,1,0.5,1,1,2,1,0.5,1,1,1,1,0.5,0.5,65,5120,70,314,45,Big Jaw Pokémon,64,1059860,0.6,50,Waninokoワニノコ,Totodile,88.1,158,44,48,43,water,,9.5,2,0
['Torrent', 'Sheer Force'],1,1,1,2,1,1,0.5,1,1,2,1,0.5,1,1,1,1,0.5,0.5,80,5120,70,405,45,Big Jaw Pokémon,80,1059860,1.1,65,Alligatesアリゲイツ,Croconaw,88.1,159,59,63,58,water,,25.0,2,0
['Torrent', 'Sheer Force'],1,1,1,2,1,1,0.5,1,1,2,1,0.5,1,1,1,1,0.5,0.5,105,5120,70,530,45,Big Jaw Pokémon,100,1059860,2.3,85,Ordileオーダイル,Feraligatr,88.1,160,79,83,78,water,,88.8,2,0
['Run Away', 'Keen Eye', 'Frisk'],1,1,1,1,1,2,1,1,0,1,1,1,1,1,1,1,1,1,46,3840,70,215,255,Scout Pokémon,34,1000000,0.8,35,Otachiオタチ,Sentret,50,161,35,45,20,normal,,6.0,2,0
['Run Away', 'Keen Eye', 'Frisk'],1,1,1,1,1,2,1,1,0,1,1,1,1,1,1,1,1,1,76,3840,70,415,90,Long Body Pokémon,64,1000000,1.8,85,Ootachiオオタチ,Furret,50,162,45,55,90,normal,,32.5,2,0
['Insomnia', 'Keen Eye', 'Tinted Lens'],0.5,1,1,2,1,1,1,1,0,0.5,0,2,1,1,1,2,1,1,30,3840,70,262,255,Owl Pokémon,30,1000000,0.7,60,Hohoホーホー,Hoothoot,50,163,36,56,50,normal,flying,21.2,2,0
['Insomnia', 'Keen Eye', 'Tinted Lens'],0.5,1,1,2,1,1,1,1,0,0.5,0,2,1,1,1,2,1,1,50,3840,70,452,90,Owl Pokémon,50,1000000,1.6,100,Yorunozukuヨルノズク,Noctowl,50,164,86,96,70,normal,flying,40.8,2,0
['Swarm', 'Early Bird', 'Rattled'],0.5,1,1,2,1,0.25,2,2,1,0.25,0,2,1,1,1,4,1,1,20,3840,70,265,255,Five Star Pokémon,30,800000,1.0,40,Redibaレディバ,Ledyba,50,165,40,80,55,bug,flying,10.8,2,0
['Swarm', 'Early Bird', 'Iron Fist'],0.5,1,1,2,1,0.25,2,2,1,0.25,0,2,1,1,1,4,1,1,35,3840,70,390,90,Five Star Pokémon,50,800000,1.4,55,Redianレディアン,Ledian,50,166,55,110,85,bug,flying,35.6,2,0
['Swarm', 'Insomnia', 'Sniper'],0.5,1,1,1,0.5,0.25,2,2,1,0.25,1,1,1,0.5,2,2,1,1,60,3840,70,250,255,String Spit Pokémon,40,800000,0.5,40,Itomaruイトマル,Spinarak,50,167,40,40,30,bug,poison,8.5,2,0
['Swarm', 'Insomnia', 'Sniper'],0.5,1,1,1,0.5,0.25,2,2,1,0.25,1,1,1,0.5,2,2,1,1,90,3840,70,400,90,Long Leg Pokémon,70,800000,1.1,70,Ariadosアリアドス,Ariados,50,168,60,70,40,bug,poison,33.5,2,0
['Inner Focus', 'Infiltrator'],0.25,1,1,2,0.5,0.25,1,1,1,0.25,0,2,1,0.5,2,2,1,1,90,3840,70,535,90,Bat Pokémon,80,1000000,1.8,85,Crobatクロバット,Crobat,50,169,70,80,130,poison,flying,75.0,2,0
['Volt Absorb', 'Illuminate', 'Water Absorb'],1,1,1,1,1,1,0.5,0.5,1,2,2,0.5,1,1,1,1,0.25,0.5,38,5120,70,330,190,Angler Pokémon,38,1250000,0.5,75,Chonchieチョンチー,Chinchou,50,170,56,56,67,water,electric,12.0,2,0
['Volt Absorb', 'Illuminate', 'Water Absorb'],1,1,1,1,1,1,0.5,0.5,1,2,2,0.5,1,1,1,1,0.25,0.5,58,5120,70,460,75,Light Pokémon,58,1250000,1.2,125,Lanternランターン,Lanturn,50,171,76,76,67,water,electric,22.5,2,0
['Static', 'Lightningrod'],1,1,1,0.5,1,1,1,0.5,1,1,2,1,1,1,1,1,0.5,1,40,2560,70,205,190,Tiny Mouse Pokémon,15,1000000,0.3,20,Pichuピチュー,Pichu,50,172,35,35,60,electric,,2.0,2,0
['Cute Charm', 'Magic Guard', 'Friend Guard'],0.5,0.5,0,1,1,0.5,1,1,1,1,1,1,1,2,1,1,2,1,25,2560,140,218,150,Star Shape Pokémon,28,800000,0.3,50,Pyピィ,Cleffa,24.6,173,45,55,15,fairy,,3.0,2,0
['Cute Charm', 'Competitive', 'Friend Guard'],0.5,0.5,0,1,1,1,1,1,0,1,1,1,1,2,1,1,2,1,30,2560,70,210,170,Balloon Pokémon,15,800000,0.3,90,Pupurinププリン,Igglybuff,24.6,174,40,20,15,normal,fairy,1.0,2,0
['Hustle', 'Serene Grace', 'Super Luck'],0.5,0.5,0,1,1,0.5,1,1,1,1,1,1,1,2,1,1,2,1,20,2560,70,245,190,Spike Ball Pokémon,65,800000,0.3,35,Togepyトゲピー,Togepi,88.1,175,40,65,20,fairy,,1.5,2,0
['Hustle', 'Serene Grace', 'Super Luck'],0.25,0.5,0,2,1,0.25,1,1,1,0.5,0,2,1,2,1,2,2,1,40,2560,70,405,75,Happiness Pokémon,85,800000,0.6,55,Togechickトゲチック,Togetic,88.1,176,80,105,40,fairy,flying,3.2,2,0
['Synchronize', 'Early Bird', 'Magic Bounce'],1,2,1,2,1,0.25,1,1,2,0.5,0,2,1,1,0.5,2,1,1,50,5120,70,320,190,Little Bird Pokémon,45,1000000,0.2,40,Natyネイティ,Natu,50,177,70,45,70,psychic,flying,2.0,2,0
['Synchronize', 'Early Bird', 'Magic Bounce'],1,2,1,2,1,0.25,1,1,2,0.5,0,2,1,1,0.5,2,1,1,75,5120,70,470,75,Mystic Pokémon,70,1000000,1.5,65,Natioネイティオ,Xatu,50,178,95,70,95,psychic,flying,15.0,2,0
['Static', 'Plus'],1,1,1,0.5,1,1,1,0.5,1,1,2,1,1,1,1,1,0.5,1,40,5120,70,280,235,Wool Pokémon,40,1059860,0.6,55,Merriepメリープ,Mareep,50,179,65,45,35,electric,,7.8,2,0
['Static', 'Plus'],1,1,1,0.5,1,1,1,0.5,1,1,2,1,1,1,1,1,0.5,1,55,5120,70,365,120,Wool Pokémon,55,1059860,0.8,70,Mokokoモココ,Flaaffy,50,180,80,60,45,electric,,13.3,2,0
['Static', 'Plus'],1,1,1,0.5,1,1,1,0.5,1,1,2,1,1,1,1,1,0.5,1,95,5120,70,610,45,Light Pokémon,105,1059860,1.4,90,Denryuデンリュウ,Ampharos,50,181,165,110,45,electric,,61.5,2,0
['Chlorophyll', 'Healer'],2,1,1,0.5,1,1,2,2,1,0.5,0.5,2,1,2,1,1,1,0.5,80,5120,70,490,45,Flower Pokémon,95,1059860,0.4,75,Kireihanaキレイハナ,Bellossom,50,182,90,100,50,grass,,5.8,2,0
['Thick Fat', 'Huge Power', 'Sap Sipper'],0.5,0.5,0,2,1,0.5,0.5,1,1,2,1,0.5,1,2,1,1,1,0.5,20,2560,70,250,190,Aquamouse Pokémon,50,800000,0.4,70,Marilマリル,Marill,50,183,20,50,40,water,fairy,8.5,2,0
['Thick Fat', 'Huge Power', 'Sap Sipper'],0.5,0.5,0,2,1,0.5,0.5,1,1,2,1,0.5,1,2,1,1,1,0.5,50,2560,70,420,75,Aquarabbit Pokémon,80,800000,0.8,100,Marilliマリルリ,Azumarill,50,184,60,80,50,water,fairy,28.5,2,0
['Sturdy', 'Rock Head', 'Rattled'],1,1,1,1,1,2,0.5,0.5,1,2,2,1,0.5,0.5,1,1,2,2,100,5120,70,410,65,Imitation Pokémon,115,1000000,1.2,70,Usokkieウソッキー,Sudowoodo,50,185,30,65,30,rock,,38.0,2,0
['Water Absorb', 'Damp', 'Drizzle'],1,1,1,2,1,1,0.5,1,1,2,1,0.5,1,1,1,1,0.5,0.5,75,5120,70,500,45,Frog Pokémon,75,1059860,1.1,90,Nyorotonoニョロトノ,Politoed,50,186,90,100,70,water,,33.9,2,0
['Chlorophyll', 'Leaf Guard', 'Infiltrator'],1,1,1,1,1,0.5,2,2,1,0.25,0,4,1,2,1,2,1,0.5,35,5120,70,250,255,Cottonweed Pokémon,40,1059860,0.4,35,Haneccoハネッコ,Hoppip,50,187,35,55,50,grass,flying,0.5,2,0
['Chlorophyll', 'Leaf Guard', 'Infiltrator'],1,1,1,1,1,0.5,2,2,1,0.25,0,4,1,2,1,2,1,0.5,45,5120,70,340,120,Cottonweed Pokémon,50,1059860,0.6,55,Popoccoポポッコ,Skiploom,50,188,45,65,80,grass,flying,1.0,2,0
['Chlorophyll', 'Leaf Guard', 'Infiltrator'],1,1,1,1,1,0.5,2,2,1,0.25,0,4,1,2,1,2,1,0.5,55,5120,70,460,45,Cottonweed Pokémon,70,1059860,0.8,75,Wataccoワタッコ,Jumpluff,50,189,55,95,110,grass,flying,3.0,2,0
['Run Away', 'Pickup', 'Skill Link'],1,1,1,1,1,2,1,1,0,1,1,1,1,1,1,1,1,1,70,5120,70,360,45,Long Tail Pokémon,55,800000,0.8,55,Eipamエイパム,Aipom,50,190,40,55,85,normal,,11.5,2,0
['Chlorophyll', 'Solar Power', 'Early Bird'],2,1,1,0.5,1,1,2,2,1,0.5,0.5,2,1,2,1,1,1,0.5,30,5120,70,180,235,Seed Pokémon,30,1059860,0.3,30,Himanutsヒマナッツ,Sunkern,50,191,30,30,30,grass,,1.8,2,0
['Chlorophyll', 'Solar Power', 'Early Bird'],2,1,1,0.5,1,1,2,2,1,0.5,0.5,2,1,2,1,1,1,0.5,75,5120,70,425,120,Sun Pokémon,55,1059860,0.8,75,Kimawariキマワリ,Sunflora,50,192,105,85,30,grass,,8.5,2,0
['Speed Boost', 'Compoundeyes', 'Frisk'],0.5,1,1,2,1,0.25,2,2,1,0.25,0,2,1,1,1,4,1,1,65,5120,70,390,75,Clear Wing Pokémon,45,1000000,1.2,65,Yanyanmaヤンヤンマ,Yanma,50,193,75,45,95,bug,flying,38.0,2,0
['Damp', 'Water Absorb', 'Unaware'],1,1,1,0,1,1,0.5,1,1,4,1,1,1,0.5,1,0.5,0.5,1,45,5120,70,210,255,Water Fish Pokémon,45,1000000,0.4,55,Upahウパー,Wooper,50,194,25,25,15,water,ground,8.5,2,0
['Damp', 'Water Absorb', 'Unaware'],1,1,1,0,1,1,0.5,1,1,4,1,1,1,0.5,1,0.5,0.5,1,85,5120,70,430,90,Water Fish Pokémon,85,1000000,1.4,95,Nuohヌオー,Quagsire,50,195,65,65,35,water,ground,75.0,2,0
['Synchronize', 'Magic Bounce'],2,2,1,1,1,0.5,1,1,2,1,1,1,1,1,0.5,1,1,1,65,8960,70,525,45,Sun Pokémon,60,1000000,0.9,65,Eifieエーフィ,Espeon,88.1,196,130,95,110,psychic,,26.5,2,0
['Synchronize', 'Inner Focus'],2,0.5,1,1,2,2,1,1,0.5,1,1,1,1,1,0,1,1,1,65,8960,35,525,45,Moonlight Pokémon,110,1000000,1.0,95,Blackyブラッキー,Umbreon,88.1,197,60,130,65,dark,,27.0,2,0
['Insomnia', 'Super Luck', 'Prankster'],1,0.5,1,2,2,1,1,1,0.5,0.5,0,2,1,1,0,2,1,1,85,5120,35,405,30,Darkness Pokémon,42,1059860,0.5,60,Yamikarasuヤミカラス,Murkrow,50,198,85,42,91,dark,flying,2.1,2,0
['Oblivious', 'Own Tempo', 'Regenerator'],2,2,1,2,1,0.5,0.5,1,2,2,1,0.5,1,1,0.5,1,0.5,0.5,75,5120,70,490,70,Royal Pokémon,80,1000000,2.0,95,Yadokingヤドキング,Slowking,50,199,100,110,30,water,psychic,79.5,2,0
['Levitate'],0.5,2,1,1,1,0,1,1,2,1,1,1,0,0.5,1,1,1,1,60,6400,35,435,45,Screech Pokémon,60,800000,0.7,60,Mumaムウマ,Misdreavus,50,200,85,85,85,ghost,,1.0,2,0
['Levitate'],2,2,1,1,1,0.5,1,1,2,1,1,1,1,1,0.5,1,1,1,72,10240,70,336,225,Symbol Pokémon,48,1000000,0.5,48,Unknownアンノーン,Unown,,201,72,48,48,psychic,,5.0,2,0
['Shadow Tag', 'Telepathy'],2,2,1,1,1,0.5,1,1,2,1,1,1,1,1,0.5,1,1,1,33,5120,70,405,45,Patient Pokémon,58,1000000,1.3,190,Sonansソーナンス,Wobbuffet,50,202,33,58,33,psychic,,28.5,2,0
['Inner Focus', 'Early Bird', 'Sap Sipper'],2,2,1,1,1,1,1,1,0,1,1,1,1,1,0.5,1,1,1,80,5120,70,455,60,Long Neck Pokémon,65,1000000,1.5,70,Kirinrikiキリンリキ,Girafarig,50,203,90,65,85,normal,psychic,41.5,2,0
['Sturdy', 'Overcoat'],1,1,1,1,1,0.5,2,2,1,0.5,0.5,1,1,1,1,2,1,1,65,5120,70,290,190,Bagworm Pokémon,90,1000000,0.6,50,Kunugidamaクヌギダマ,Pineco,50,204,35,35,15,bug,,7.2,2,0
['Sturdy', 'Overcoat'],0.5,1,0.5,1,0.5,1,4,1,1,0.25,1,0.5,0.5,0,0.5,1,0.5,1,90,5120,70,465,75,Bagworm Pokémon,140,1000000,1.2,75,Foretosフォレトス,Forretress,50,205,60,60,40,bug,steel,125.8,2,0
['Serene Grace', 'Run Away', 'Rattled'],1,1,1,1,1,2,1,1,0,1,1,1,1,1,1,1,1,1,70,5120,70,415,190,Land Snake Pokémon,70,1000000,1.5,100,Nokocchiノコッチ,Dunsparce,50,206,65,65,45,normal,,14.0,2,0
['Hyper Cutter', 'Sand Veil', 'Immunity'],0.5,1,1,0,1,0.5,1,1,1,1,0,4,1,0.5,1,1,1,2,75,5120,70,430,60,Flyscorpion Pokémon,105,1059860,1.1,65,Gligerグライガー,Gligar,50,207,35,65,85,ground,flying,64.8,2,0
['Rock Head', 'Sturdy', 'Sheer Force'],0.5,1,0.5,0,0.5,2,2,0.5,1,1,2,1,0.5,0,0.5,0.25,0.5,2,125,6400,70,610,25,Iron Snake Pokémon,230,1000000,9.2,75,Haganeilハガネール,Steelix,50,208,55,95,30,steel,ground,400.0,2,0
['Intimidate', 'Run Away', 'Rattled'],0.5,0.5,0,1,1,0.5,1,1,1,1,1,1,1,2,1,1,2,1,80,5120,70,300,190,Fairy Pokémon,50,800000,0.6,60,Buluブルー,Snubbull,24.6,209,40,40,30,fairy,,7.8,2,0
['Intimidate', 'Quick Feet', 'Rattled'],0.5,0.5,0,1,1,0.5,1,1,1,1,1,1,1,2,1,1,2,1,120,5120,70,450,75,Fairy Pokémon,75,800000,1.4,90,Granbuluグランブル,Granbull,24.6,210,60,60,45,fairy,,48.7,2,0
['Poison Point', 'Swift Swim', 'Intimidate'],0.5,1,1,2,0.5,0.5,0.5,1,1,1,2,0.5,1,0.5,2,1,0.5,0.5,95,5120,70,440,45,Balloon Pokémon,85,1000000,0.5,65,Harysenハリーセン,Qwilfish,50,211,55,55,85,water,poison,3.9,2,0
['Swarm', 'Technician', 'Light Metal'],0.5,1,0.5,1,0.5,1,4,1,1,0.25,1,0.5,0.5,0,0.5,1,0.5,1,150,6400,70,600,25,Pincer Pokémon,140,1000000,1.8,70,Hassamハッサム,Scizor,50,212,65,100,75,bug,steel,118.0,2,0
['Sturdy', 'Gluttony', 'Contrary'],1,1,1,1,1,1,1,1,1,1,1,1,0.5,0.5,1,2,2,2,10,5120,70,505,190,Mold Pokémon,230,1059860,0.6,20,Tsubotsuboツボツボ,Shuckle,50,213,10,230,5,bug,rock,20.5,2,0
['Swarm', 'Guts', 'Moxie'],0.5,0.5,1,1,2,0.5,2,4,1,0.5,0.5,1,1,1,2,1,1,1,185,6400,70,600,45,Singlehorn Pokémon,115,1250000,1.5,80,Heracrosヘラクロス,Heracross,50,214,40,105,75,bug,fighting,54.0,2,0
['Inner Focus', 'Keen Eye', 'Pickpocket'],2,0.5,1,1,2,4,2,1,0.5,1,1,0.5,1,1,0,2,2,1,95,5120,35,430,60,Sharp Claw Pokémon,55,1059860,0.9,55,Nyulaニューラ,Sneasel,50,215,35,75,115,dark,ice,28.0,2,0
['Pickup', 'Quick Feet', 'Honey Gather'],1,1,1,1,1,2,1,1,0,1,1,1,1,1,1,1,1,1,80,5120,70,330,120,Little Bear Pokémon,50,1000000,0.6,60,Himegumaヒメグマ,Teddiursa,50,216,50,50,40,normal,,8.8,2,0
['Guts', 'Quick Feet', 'Unnerve'],1,1,1,1,1,2,1,1,0,1,1,1,1,1,1,1,1,1,130,5120,70,500,60,Hibernator Pokémon,75,1000000,1.8,90,Ringumaリングマ,Ursaring,50,217,75,75,55,normal,,125.8,2,0
['Magma Armor', 'Flame Body', 'Weak Armor'],0.5,1,1,1,0.5,1,0.5,1,1,0.5,2,0.5,1,1,1,2,0.5,2,40,5120,70,250,190,Lava Pokémon,40,1000000,0.7,40,Magmagマグマッグ,Slugma,50,218,70,40,20,fire,,35.0,2,0
['Magma Armor', 'Flame Body', 'Weak Armor'],0.5,1,1,1,0.5,2,0.25,0.5,1,1,4,0.5,0.5,0.5,1,2,1,4,50,5120,70,430,75,Lava Pokémon,120,1000000,0.8,60,Magcargotマグカルゴ,Magcargo,50,219,90,80,30,fire,rock,55.0,2,0
['Oblivious', 'Snow Cloak', 'Thick Fat'],1,1,1,0,1,2,2,1,1,2,1,1,1,0.5,1,1,2,2,50,5120,70,250,225,Pig Pokémon,40,1250000,0.4,50,Urimooウリムー,Swinub,50,220,30,30,50,ice,ground,6.5,2,0
['Oblivious', 'Snow Cloak', 'Thick Fat'],1,1,1,0,1,2,2,1,1,2,1,1,1,0.5,1,1,2,2,100,5120,70,450,75,Swine Pokémon,80,1250000,1.1,100,Inomooイノムー,Piloswine,50,221,60,60,50,ice,ground,55.8,2,0
['Hustle', 'Natural Cure', 'Regenerator'],1,1,1,2,1,2,0.25,0.5,1,4,2,0.5,0.5,0.5,1,1,1,1,55,5120,70,410,60,Coral Pokémon,95,800000,0.6,65,Sunnygoサニーゴ,Corsola,24.6,222,65,95,35,water,rock,5.0,2,0
['Hustle', 'Sniper', 'Moody'],1,1,1,2,1,1,0.5,1,1,2,1,0.5,1,1,1,1,0.5,0.5,65,5120,70,300,190,Jet Pokémon,35,1000000,0.6,35,Teppouoテッポウオ,Remoraid,50,223,65,35,65,water,,12.0,2,0
['Suction Cups', 'Sniper', 'Moody'],1,1,1,2,1,1,0.5,1,1,2,1,0.5,1,1,1,1,0.5,0.5,105,5120,70,480,75,Jet Pokémon,75,1000000,0.9,75,Okutankオクタン,Octillery,50,224,105,75,45,water,,28.5,2,0
['Vital Spirit', 'Hustle', 'Insomnia'],0.5,1,1,2,1,1,2,1,1,0.5,0,1,1,1,1,4,2,1,55,5120,70,330,45,Delivery Pokémon,45,800000,0.9,45,Delibirdデリバード,Delibird,50,225,65,45,75,ice,flying,16.0,2,0
['Swift Swim', 'Water Absorb', 'Water Veil'],0.5,1,1,4,1,0.5,0.5,1,1,1,0,1,1,1,1,2,0.5,0.5,40,6400,70,485,25,Kite Pokémon,70,1250000,2.1,85,Mantainマンタイン,Mantine,50,226,80,140,70,water,flying,220.0,2,0
['Keen Eye', 'Sturdy', 'Weak Armor'],0.25,1,0.5,2,0.5,1,2,0.5,1,0.25,0,1,0.5,0,0.5,1,0.5,1,80,6400,70,465,25,Armor Bird Pokémon,140,1250000,1.7,65,Airmdエアームド,Skarmory,50,227,40,70,70,steel,flying,50.5,2,0
['Early Bird', 'Flash Fire', 'Unnerve'],1,0.5,1,1,1,2,0.5,1,0.5,0.5,2,0.5,1,1,0,2,0.5,2,60,5120,35,330,120,Dark Pokémon,30,1250000,0.6,45,Delvilデルビル,Houndour,50,228,80,50,65,dark,fire,10.8,2,0
['Early Bird', 'Flash Fire', 'Unnerve'],1,0.5,1,1,1,2,0.5,1,0.5,0.5,2,0.5,1,1,0,2,0.5,2,90,5120,35,600,45,Dark Pokémon,90,1250000,1.4,75,Hellgarヘルガー,Houndoom,50,229,140,90,115,dark,fire,35.0,2,0
['Swift Swim', 'Sniper', 'Damp'],1,1,2,1,2,1,0.25,1,1,1,1,1,1,1,1,1,0.5,0.25,95,5120,70,540,45,Dragon Pokémon,95,1000000,1.8,75,Kingdraキングドラ,Kingdra,50,230,95,95,85,water,dragon,152.0,2,0
['Pickup', 'Sand Veil'],1,1,1,0,1,1,1,1,1,2,1,2,1,0.5,1,0.5,1,2,60,5120,70,330,120,Long Nose Pokémon,60,1000000,0.5,90,Gomazouゴマゾウ,Phanpy,50,231,40,40,40,ground,,33.5,2,0
['Sturdy', 'Sand Veil'],1,1,1,0,1,1,1,1,1,2,1,2,1,0.5,1,0.5,1,2,120,5120,70,500,60,Armor Pokémon,120,1000000,1.1,90,Donfanドンファン,Donphan,50,232,60,60,50,ground,,120.0,2,0
['Trace', 'Download', 'Analytic'],1,1,1,1,1,2,1,1,0,1,1,1,1,1,1,1,1,1,80,5120,70,515,45,Virtual Pokémon,90,1000000,0.6,85,Porygon2ポリゴン２,Porygon2,,233,105,95,60,normal,,32.5,2,0
['Intimidate', 'Frisk', 'Sap Sipper'],1,1,1,1,1,2,1,1,0,1,1,1,1,1,1,1,1,1,95,5120,70,465,45,Big Horn Pokémon,62,1250000,1.4,73,Odoshishiオドシシ,Stantler,50,234,85,65,85,normal,,71.2,2,0
['Own Tempo', 'Technician', 'Moody'],1,1,1,1,1,2,1,1,0,1,1,1,1,1,1,1,1,1,20,5120,70,250,45,Painter Pokémon,35,800000,1.2,55,Dobleドーブル,Smeargle,50,235,20,45,75,normal,,58.0,2,0
['Guts', 'Steadfast', 'Vital Spirit'],0.5,0.5,1,1,2,1,1,2,1,1,1,1,1,1,2,0.5,1,1,35,6400,70,210,75,Scuffle Pokémon,35,1000000,0.7,35,Balkieバルキー,Tyrogue,100,236,35,35,35,fighting,,21.0,2,0
['Intimidate', 'Technician', 'Steadfast'],0.5,0.5,1,1,2,1,1,2,1,1,1,1,1,1,2,0.5,1,1,95,6400,70,455,45,Handstand Pokémon,95,1000000,1.4,50,Kapoererカポエラー,Hitmontop,100,237,35,110,70,fighting,,48.0,2,0
['Oblivious', 'Forewarn', 'Hydration'],2,2,1,1,1,1,2,1,2,1,1,0.5,1,1,0.5,2,2,1,30,6400,70,305,45,Kiss Pokémon,15,1000000,0.4,45,Muchulムチュール,Smoochum,0,238,85,65,65,ice,psychic,6.0,2,0
['Static', 'Vital Spirit'],1,1,1,0.5,1,1,1,0.5,1,1,2,1,1,1,1,1,0.5,1,63,6400,70,360,45,Electric Pokémon,37,1000000,0.6,45,Elekidエレキッド,Elekid,75.4,239,65,55,95,electric,,23.5,2,0
['Flame Body', 'Vital Spirit'],0.5,1,1,1,0.5,1,0.5,1,1,0.5,2,0.5,1,1,1,2,0.5,2,75,6400,70,365,45,Live Coal Pokémon,37,1000000,0.7,45,Bubyブビィ,Magby,75.4,240,70,55,83,fire,,21.4,2,0
['Thick Fat', 'Scrappy', 'Sap Sipper'],1,1,1,1,1,2,1,1,0,1,1,1,1,1,1,1,1,1,80,5120,70,490,45,Milk Cow Pokémon,105,1250000,1.2,95,Miltankミルタンク,Miltank,0,241,40,70,100,normal,,75.5,2,0
['Natural Cure', 'Serene Grace', 'Healer'],1,1,1,1,1,2,1,1,0,1,1,1,1,1,1,1,1,1,10,10240,140,540,30,Happiness Pokémon,10,800000,1.5,255,Happinasハピナス,Blissey,0,242,75,135,55,normal,,46.8,2,0
['Pressure', 'Inner Focus'],1,1,1,0.5,1,1,1,0.5,1,1,2,1,1,1,1,1,0.5,1,85,20480,35,580,3,Thunder Pokémon,75,1250000,1.9,90,Raikouライコウ,Raikou,,243,115,100,115,electric,,178.0,2,1
['Pressure', 'Inner Focus'],0.5,1,1,1,0.5,1,0.5,1,1,0.5,2,0.5,1,1,1,2,0.5,2,115,20480,35,580,3,Volcano Pokémon,85,1250000,2.1,115,Enteiエンテイ,Entei,,244,90,75,100,fire,,198.0,2,1
['Pressure', 'Inner Focus'],1,1,1,2,1,1,0.5,1,1,2,1,0.5,1,1,1,1,0.5,0.5,75,20480,35,580,3,Aurora Pokémon,115,1250000,2.0,100,Suicuneスイクン,Suicune,,245,90,115,85,water,,187.0,2,1
['Guts', 'Sand Veil'],1,1,1,0,1,2,0.5,0.5,1,4,2,2,0.5,0.25,1,0.5,2,4,64,10240,35,300,45,Rock Skin Pokémon,50,1250000,0.6,50,Yogirasヨーギラス,Larvitar,50,246,45,50,41,rock,ground,72.0,2,0
['Shed Skin'],1,1,1,0,1,2,0.5,0.5,1,4,2,2,0.5,0.25,1,0.5,2,4,84,10240,35,410,45,Hard Shell Pokémon,70,1250000,1.2,70,Sanagirasサナギラス,Pupitar,50,247,65,70,51,rock,ground,152.0,2,0
['Sand Stream', 'Unnerve'],2,0.5,1,1,2,4,0.5,0.5,0.5,2,2,1,0.5,0.5,0,1,2,2,164,10240,35,700,45,Armor Pokémon,150,1250000,2.0,100,Bangirasバンギラス,Tyranitar,50,248,95,120,71,rock,dark,202.0,2,0
['Pressure', 'Multiscale'],1,2,1,2,1,0.25,1,1,2,0.5,0,2,1,1,0.5,2,1,1,90,30720,0,680,3,Diving Pokémon,130,1250000,5.2,106,Lugiaルギア,Lugia,,249,90,154,110,psychic,flying,216.0,2,1
['Pressure', 'Regenerator'],0.25,1,1,2,0.5,0.5,0.5,1,1,0.25,0,1,1,1,1,4,0.5,2,130,30720,0,680,3,Rainbow Pokémon,90,1250000,3.8,106,Hououホウオウ,Ho-Oh,,250,110,154,90,fire,flying,199.0,2,1
['Natural Cure'],4,2,1,0.5,1,0.5,2,2,2,0.5,0.5,2,1,2,0.5,1,1,0.5,100,30720,100,600,45,Time Travel Pokémon,100,1059860,0.6,100,Celebiセレビィ,Celebi,,251,100,100,100,psychic,grass,5.0,2,1
['Overgrow', 'Unburden'],2,1,1,0.5,1,1,2,2,1,0.5,0.5,2,1,2,1,1,1,0.5,45,5120,70,310,45,Wood Gecko Pokémon,35,1059860,0.5,40,Kimoriキモリ,Treecko,88.1,252,65,55,70,grass,,5.0,3,0
['Overgrow', 'Unburden'],2,1,1,0.5,1,1,2,2,1,0.5,0.5,2,1,2,1,1,1,0.5,65,5120,70,405,45,Wood Gecko Pokémon,45,1059860,0.9,50,Juptileジュプトル,Grovyle,88.1,253,85,65,95,grass,,21.6,3,0
['Overgrow', 'Unburden'],2,1,1,0.5,1,1,2,2,1,0.5,0.5,2,1,2,1,1,1,0.5,110,5120,70,630,45,Forest Pokémon,75,1059860,1.7,70,Jukainジュカイン,Sceptile,88.1,254,145,85,145,grass,,52.2,3,0
['Blaze', 'Speed Boost'],0.5,1,1,1,0.5,1,0.5,1,1,0.5,2,0.5,1,1,1,2,0.5,2,60,5120,70,310,45,Chick Pokémon,40,1059860,0.4,45,Achamoアチャモ,Torchic,88.1,255,70,50,45,fire,,2.5,3,0
['Blaze', 'Speed Boost'],0.25,0.5,1,1,1,1,0.5,2,1,0.5,2,0.5,1,1,2,1,0.5,2,85,5120,70,405,45,Young Fowl Pokémon,60,1059860,0.9,60,Wakasyamoワカシャモ,Combusken,88.1,256,85,60,55,fire,fighting,19.5,3,0
['Blaze', 'Speed Boost'],0.25,0.5,1,1,1,1,0.5,2,1,0.5,2,0.5,1,1,2,1,0.5,2,160,5120,70,630,45,Blaze Pokémon,80,1059860,1.9,80,Bursyamoバシャーモ,Blaziken,88.1,257,130,80,100,fire,fighting,52.0,3,0
['Torrent', 'Damp'],1,1,1,2,1,1,0.5,1,1,2,1,0.5,1,1,1,1,0.5,0.5,70,5120,70,310,45,Mud Fish Pokémon,50,1059860,0.4,50,Mizugorouミズゴロウ,Mudkip,88.1,258,50,50,40,water,,7.6,3,0
['Torrent', 'Damp'],1,1,1,0,1,1,0.5,1,1,4,1,1,1,0.5,1,0.5,0.5,1,85,5120,70,405,45,Mud Fish Pokémon,70,1059860,0.7,70,Numacrawヌマクロー,Marshtomp,88.1,259,60,70,50,water,ground,28.0,3,0
['Torrent', 'Damp'],1,1,1,0,1,1,0.5,1,1,4,1,1,1,0.5,1,0.5,0.5,1,150,5120,70,635,45,Mud Fish Pokémon,110,1059860,1.5,100,Laglargeラグラージ,Swampert,88.1,260,95,110,70,water,ground,81.9,3,0
['Run Away', 'Quick Feet', 'Rattled'],2,0.5,1,1,2,2,1,1,0.5,1,1,1,1,1,0,1,1,1,55,3840,70,220,255,Bite Pokémon,35,1000000,0.5,35,Pochienaポチエナ,Poochyena,50,261,30,30,35,dark,,13.6,3,0
['Intimidate', 'Quick Feet', 'Moxie'],2,0.5,1,1,2,2,1,1,0.5,1,1,1,1,1,0,1,1,1,90,3840,70,420,127,Bite Pokémon,70,1000000,1.0,70,Graenaグラエナ,Mightyena,50,262,60,60,70,dark,,37.0,3,0
['Pickup', 'Gluttony', 'Quick Feet'],1,1,1,1,1,2,1,1,0,1,1,1,1,1,1,1,1,1,30,3840,70,240,255,Tiny Racoon Pokémon,41,1000000,0.4,38,Jiguzagumaジグザグマ,Zigzagoon,50,263,30,41,60,normal,,17.5,3,0
['Pickup', 'Gluttony', 'Quick Feet'],1,1,1,1,1,2,1,1,0,1,1,1,1,1,1,1,1,1,70,3840,70,420,90,Rush Pokémon,61,1000000,0.5,78,Massugumaマッスグマ,Linoone,50,264,50,61,100,normal,,32.5,3,0
['Shield Dust', 'Run Away'],1,1,1,1,1,0.5,2,2,1,0.5,0.5,1,1,1,1,2,1,1,45,3840,70,195,255,Worm Pokémon,35,1000000,0.3,45,Kemussoケムッソ,Wurmple,50,265,20,30,20,bug,,3.6,3,0
['Shed Skin'],1,1,1,1,1,0.5,2,2,1,0.5,0.5,1,1,1,1,2,1,1,35,3840,70,205,120,Cocoon Pokémon,55,1000000,0.6,50,Karasalisカラサリス,Silcoon,50,266,25,25,15,bug,,10.0,3,0
['Swarm', 'Rivalry'],0.5,1,1,2,1,0.25,2,2,1,0.25,0,2,1,1,1,4,1,1,70,3840,70,395,45,Butterfly Pokémon,50,1000000,1.0,60,Agehuntアゲハント,Beautifly,50,267,100,50,65,bug,flying,28.4,3,0
['Shed Skin'],1,1,1,1,1,0.5,2,2,1,0.5,0.5,1,1,1,1,2,1,1,35,3840,70,205,120,Cocoon Pokémon,55,1000000,0.7,50,Mayuldマユルド,Cascoon,50,268,25,25,15,bug,,11.5,3,0
['Shield Dust', 'Compoundeyes'],0.5,1,1,1,0.5,0.25,2,2,1,0.25,1,1,1,0.5,2,2,1,1,50,3840,70,385,45,Poison Moth Pokémon,70,1000000,1.2,60,Dokucaleドクケイル,Dustox,50,269,50,90,65,bug,poison,31.6,3,0
['Swift Swim', 'Rain Dish', 'Own Tempo'],2,1,1,1,1,1,1,2,1,1,0.5,1,1,2,1,1,0.5,0.25,30,3840,70,220,255,Water Weed Pokémon,30,1059860,0.5,40,Hassbohハスボー,Lotad,50,270,40,50,30,water,grass,2.6,3,0
['Swift Swim', 'Rain Dish', 'Own Tempo'],2,1,1,1,1,1,1,2,1,1,0.5,1,1,2,1,1,0.5,0.25,50,3840,70,340,120,Jolly Pokémon,50,1059860,1.2,60,Hasubreroハスブレロ,Lombre,50,271,60,70,50,water,grass,32.5,3,0
['Swift Swim', 'Rain Dish', 'Own Tempo'],2,1,1,1,1,1,1,2,1,1,0.5,1,1,2,1,1,0.5,0.25,70,3840,70,480,45,Carefree Pokémon,70,1059860,1.5,80,Runpappaルンパッパ,Ludicolo,50,272,90,100,70,water,grass,55.0,3,0
['Chlorophyll', 'Early Bird', 'Pickpocket'],2,1,1,0.5,1,1,2,2,1,0.5,0.5,2,1,2,1,1,1,0.5,40,3840,70,220,255,Acorn Pokémon,50,1059860,0.5,40,Tanebohタネボー,Seedot,50,273,30,30,30,grass,,4.0,3,0
['Chlorophyll', 'Early Bird', 'Pickpocket'],4,0.5,1,0.5,2,2,2,2,0.5,0.5,0.5,2,1,2,0,1,1,0.5,70,3840,70,340,120,Wily Pokémon,40,1059860,1.0,70,Konohanaコノハナ,Nuzleaf,50,274,60,40,60,grass,dark,28.0,3,0
['Chlorophyll', 'Early Bird', 'Pickpocket'],4,0.5,1,0.5,2,2,2,2,0.5,0.5,0.5,2,1,2,0,1,1,0.5,100,3840,70,480,45,Wickid Pokémon,60,1059860,1.3,90,Dirtengダーテング,Shiftry,50,275,90,60,80,grass,dark,59.6,3,0
['Guts', 'Scrappy'],0.5,1,1,2,1,1,1,1,0,0.5,0,2,1,1,1,2,1,1,55,3840,70,270,200,TinySwallow Pokémon,30,1059860,0.3,40,Subameスバメ,Taillow,50,276,30,30,85,normal,flying,2.3,3,0
['Guts', 'Scrappy'],0.5,1,1,2,1,1,1,1,0,0.5,0,2,1,1,1,2,1,1,85,3840,70,455,45,Swallow Pokémon,60,1059860,0.7,60,Ohsubameオオスバメ,Swellow,50,277,75,50,125,normal,flying,19.8,3,0
['Keen Eye', 'Hydration', 'Rain Dish'],0.5,1,1,4,1,0.5,0.5,1,1,1,0,1,1,1,1,2,0.5,0.5,30,5120,70,270,190,Seagull Pokémon,30,1000000,0.6,40,Camomeキャモメ,Wingull,50,278,55,30,85,water,flying,9.5,3,0
['Keen Eye', 'Drizzle', 'Rain Dish'],0.5,1,1,4,1,0.5,0.5,1,1,1,0,1,1,1,1,2,0.5,0.5,50,5120,70,440,45,Water Bird Pokémon,100,1000000,1.2,60,Pelipperペリッパー,Pelipper,50,279,95,70,65,water,flying,28.0,3,0
['Synchronize', 'Trace', 'Telepathy'],1,1,0,1,1,0.25,1,1,2,1,1,1,1,2,0.5,1,2,1,25,5120,35,198,235,Feeling Pokémon,25,1250000,0.4,28,Raltsラルトス,Ralts,50,280,45,35,40,psychic,fairy,6.6,3,0
['Synchronize', 'Trace', 'Telepathy'],1,1,0,1,1,0.25,1,1,2,1,1,1,1,2,0.5,1,2,1,35,5120,35,278,120,Emotion Pokémon,35,1250000,0.8,38,Kirliaキルリア,Kirlia,50,281,65,55,50,psychic,fairy,20.2,3,0
['Synchronize', 'Trace', 'Telepathy'],1,1,0,1,1,0.25,1,1,2,1,1,1,1,2,0.5,1,2,1,85,5120,35,618,45,Embrace Pokémon,65,1250000,1.6,68,Sirnightサーナイト,Gardevoir,50,282,165,135,100,psychic,fairy,48.4,3,0
['Swift Swim', 'Rain Dish'],1,1,1,2,1,0.5,1,2,1,1,0.5,0.5,1,1,1,2,0.5,0.5,30,3840,70,269,200,Pond Skater Pokémon,32,1000000,0.5,40,Ametamaアメタマ,Surskit,50,283,50,52,65,bug,water,1.7,3,0
['Intimidate', 'Unnerve'],0.5,1,1,2,1,0.25,2,2,1,0.25,0,2,1,1,1,4,1,1,60,3840,70,454,75,Eyeball Pokémon,62,1000000,0.8,70,Amemothアメモース,Masquerain,50,284,100,82,80,bug,flying,3.6,3,0
['Effect Spore', 'Poison Heal', 'Quick Feet'],2,1,1,0.5,1,1,2,2,1,0.5,0.5,2,1,2,1,1,1,0.5,40,3840,70,295,255,Mushroom Pokémon,60,1640000,0.4,60,Kinococoキノココ,Shroomish,50,285,40,60,35,grass,,4.5,3,0
['Effect Spore', 'Poison Heal', 'Technician'],1,0.5,1,0.5,2,1,2,4,1,0.5,0.5,2,1,2,2,0.5,1,0.5,130,3840,70,460,90,Mushroom Pokémon,80,1640000,1.2,60,Kinogassaキノガッサ,Breloom,50,286,60,60,70,grass,fighting,39.2,3,0
['Truant'],1,1,1,1,1,2,1,1,0,1,1,1,1,1,1,1,1,1,60,3840,70,280,255,Slacker Pokémon,60,1250000,0.8,60,Namakeroナマケロ,Slakoth,50,287,35,35,30,normal,,24.0,3,0
['Vital Spirit'],1,1,1,1,1,2,1,1,0,1,1,1,1,1,1,1,1,1,80,3840,70,440,120,Wild Monkey Pokémon,80,1250000,1.4,80,Yarukimonoヤルキモノ,Vigoroth,50,288,55,55,90,normal,,46.5,3,0
['Truant'],1,1,1,1,1,2,1,1,0,1,1,1,1,1,1,1,1,1,160,3840,70,670,45,Lazy Pokémon,100,1250000,2.0,150,Kekkingケッキング,Slaking,50,289,95,65,100,normal,,130.5,3,0
['Compoundeyes', 'Run Away'],1,1,1,0,1,0.5,2,2,1,1,0.5,2,1,0.5,1,1,1,2,45,3840,70,266,255,Trainee Pokémon,90,600000,0.5,31,Tutininツチニン,Nincada,50,290,30,30,40,bug,ground,5.5,3,0
['Speed Boost', 'Infiltrator'],0.5,1,1,2,1,0.25,2,2,1,0.25,0,2,1,1,1,4,1,1,90,3840,70,456,120,Ninja Pokémon,45,600000,0.8,61,Tekkaninテッカニン,Ninjask,50,291,50,50,160,bug,flying,12.0,3,0
['Wonder Guard'],0.5,2,1,1,1,0,2,2,2,0.5,0.5,1,0,0.5,1,2,1,1,90,3840,70,236,45,Shed Pokémon,45,600000,0.8,1,Nukeninヌケニン,Shedinja,,292,30,30,40,bug,ghost,1.2,3,0
['Soundproof', 'Rattled'],1,1,1,1,1,2,1,1,0,1,1,1,1,1,1,1,1,1,51,5120,70,240,190,Whisper Pokémon,23,1059860,0.6,64,Gonyonyoゴニョニョ,Whismur,50,293,51,23,28,normal,,16.3,3,0
['Soundproof', 'Scrappy'],1,1,1,1,1,2,1,1,0,1,1,1,1,1,1,1,1,1,71,5120,70,360,120,Big Voice Pokémon,43,1059860,1.0,84,Dogohmbドゴーム,Loudred,50,294,71,43,48,normal,,40.5,3,0
['Soundproof', 'Scrappy'],1,1,1,1,1,2,1,1,0,1,1,1,1,1,1,1,1,1,91,5120,70,490,45,Loud Noise Pokémon,63,1059860,1.5,104,Bakuongバクオング,Exploud,50,295,91,73,68,normal,,84.0,3,0
['Thick Fat', 'Guts', 'Sheer Force'],0.5,0.5,1,1,2,1,1,2,1,1,1,1,1,1,2,0.5,1,1,60,5120,70,237,180,Guts Pokémon,30,1640000,1.0,72,Makunoshitaマクノシタ,Makuhita,75.4,296,20,30,25,fighting,,86.4,3,0
['Thick Fat', 'Guts', 'Sheer Force'],0.5,0.5,1,1,2,1,1,2,1,1,1,1,1,1,2,0.5,1,1,120,5120,70,474,200,Arm Thrust Pokémon,60,1640000,2.3,144,Hariteyamaハリテヤマ,Hariyama,75.4,297,40,60,50,fighting,,253.8,3,0
['Thick Fat', 'Huge Power', 'Sap Sipper'],0.5,0.5,0,1,1,1,1,1,0,1,1,1,1,2,1,1,2,1,20,2560,70,190,150,Polka Dot Pokémon,40,800000,0.2,50,Ruririルリリ,Azurill,24.6,298,20,40,20,normal,fairy,2.0,3,0
['Sturdy', 'Magnet Pull', 'Sand Force'],1,1,1,1,1,2,0.5,0.5,1,2,2,1,0.5,0.5,1,1,2,2,45,5120,70,375,255,Compass Pokémon,135,1000000,1.0,30,Nosepassノズパス,Nosepass,50,299,45,90,30,rock,,97.0,3,0
